date,Mkt-RF,SMB,HML,RMW,CMA,RF
01/07/1978,5.11,0.12,-1.15,1.55,-0.78,0.56
01/08/1978,3.75,4.95,-0.51,1.43,0.46,0.56
01/09/1978,-1.43,-0.32,1.89,-0.67,1.78,0.62
01/10/1978,-11.91,-10.02,1.38,0.12,0.94,0.68
01/11/1978,2.71,2.81,-2.15,1.13,-1.17,0.7
01/12/1978,0.88,1.13,-2.13,2.01,-1.32,0.78
01/01/1979,4.23,3.78,2.19,-2.47,1.52,0.77
01/02/1979,-3.56,0.54,1.17,-1.12,0.94,0.73
01/03/1979,5.68,3.24,-0.71,0.53,0.32,0.81
01/04/1979,-0.06,2.37,1.12,1.08,0.17,0.8
01/05/1979,-2.21,0.18,1.31,-1.54,-0.27,0.82
01/06/1979,3.85,1,1.44,-1.66,-0.52,0.81
01/07/1979,0.82,1.27,1.86,-0.29,0.71,0.77
01/08/1979,5.53,1.92,-1.58,1.62,-1.48,0.77
01/09/1979,-0.82,-0.32,-0.9,1.01,0.32,0.83
01/10/1979,-8.1,-3.5,-1.84,1.01,0.07,0.87
01/11/1979,5.21,2.53,-3.29,0.06,-2.12,0.99
01/12/1979,1.79,4.32,-2.1,-0.7,-0.92,0.95
01/01/1980,5.51,1.83,1.75,-1.7,1.64,0.8
01/02/1980,-1.22,-1.57,0.61,0.04,2.68,0.89
01/03/1980,-12.9,-6.93,-1.01,1.46,-1.19,1.21
01/04/1980,3.97,1.05,1.06,-2.1,0.29,1.26
01/05/1980,5.26,2.11,0.38,0.34,-0.31,0.81
01/06/1980,3.06,1.41,-0.76,-0.15,-1.26,0.61
01/07/1980,6.49,3.82,-6.41,4.06,-2.43,0.53
01/08/1980,1.8,4.25,-2.6,2.06,-0.86,0.64
01/09/1980,2.19,0.67,-4.59,1.91,-2.76,0.75
01/10/1980,1.06,2.33,-2.76,1.65,-1.15,0.95
01/11/1980,9.59,-3.31,-8.33,4.5,-5.66,0.96
01/12/1980,-4.52,-0.29,2.79,-1.29,1.24,1.31
01/01/1981,-5.04,3.29,6.72,-3.51,4.33,1.04
01/02/1981,0.57,-0.5,1.02,0.21,2.22,1.07
01/03/1981,3.56,3.02,0.64,-2.24,-0.54,1.21
01/04/1981,-2.11,4.59,2.28,0.83,1.24,1.08
01/05/1981,0.11,2.45,-0.42,0.3,-1.53,1.15
01/06/1981,-2.36,-0.96,5.13,-1.37,2.66,1.35
01/07/1981,-1.54,-2.05,-0.5,1.26,-2.54,1.24
01/08/1981,-7.04,-1.81,4.76,-0.32,1.41,1.28
01/09/1981,-7.17,-2.45,5.17,0.08,2.63,1.24
01/10/1981,4.92,2.37,-4.21,3.15,-3.01,1.21
01/11/1981,3.36,-1.51,1.83,0.08,0.95,1.07
01/12/1981,-3.65,1.2,0.81,0.22,2.5,0.87
01/01/1982,-3.24,-1.14,3.19,-1.49,1.92,0.8
01/02/1982,-5.86,0.35,6.05,-3.48,4.56,0.92
01/03/1982,-1.87,-0.05,3.81,-1.38,2.49,0.98
01/04/1982,3.27,1.09,-2.7,1.57,-0.01,1.13
01/05/1982,-3.99,0.64,1.75,0.87,-0.3,1.06
01/06/1982,-3.09,-0.52,1.53,0.01,2.72,0.96
01/07/1982,-3.19,0.95,0.09,1.04,1.55,1.05
01/08/1982,11.14,-4.35,0.95,-1.89,0.09,0.76
01/09/1982,1.29,2.61,0.28,2.14,-0.04,0.51
01/10/1982,11.3,1.92,-3.66,0.29,-0.34,0.59
01/11/1982,4.67,4.43,-1.87,-0.97,0.27,0.63
01/12/1982,0.55,-0.04,-0.02,-0.01,1.02,0.67
01/01/1983,3.6,3.35,-0.75,-1.55,-0.58,0.69
01/02/1983,2.59,2.92,0.7,-0.52,1.05,0.62
01/03/1983,2.82,1.37,2.02,-0.17,2.74,0.63
01/04/1983,6.67,0.48,0.49,-0.11,1.42,0.71
01/05/1983,0.52,6.3,-1.4,-1.84,-1.51,0.69
01/06/1983,3.07,1.18,-3.9,2.6,-0.87,0.67
01/07/1983,-4.07,1.01,5.62,-0.14,2.81,0.74
01/08/1983,-0.5,-4.32,5.54,0.51,1.9,0.76
01/09/1983,0.91,0.3,1.01,1.24,0.5,0.76
01/10/1983,-3.44,-3.77,4.97,-0.77,2.96,0.76
01/11/1983,2.16,1.87,-0.72,-0.67,0.66,0.7
01/12/1983,-1.78,-0.45,1.73,1.64,1.27,0.73
01/01/1984,-1.92,-0.04,7.58,-0.89,2.92,0.76
01/02/1984,-4.82,-1.59,3.33,0.9,1.58,0.71
01/03/1984,0.63,-0.29,0.46,-0.96,1.17,0.73
01/04/1984,-0.51,-0.95,1.2,3.34,0.76,0.81
01/05/1984,-5.97,0.13,0.31,2.36,-0.46,0.78
01/06/1984,1.82,0.11,-2.66,3.17,-1.56,0.75
01/07/1984,-2.74,-2.22,0.36,3.55,-2.15,0.82
01/08/1984,10.28,-0.26,-1.82,-0.68,-0.92,0.83
01/09/1984,-0.8,-0.03,5.28,1.37,2.41,0.86
01/10/1984,-0.84,-1.44,0.45,1.18,-1.09,1
01/11/1984,-1.76,-1.02,4.06,0.72,2.06,0.73
01/12/1984,1.84,-0.65,-0.26,1.31,-1.36,0.64
01/01/1985,7.99,3.51,-5.35,-0.89,-3.41,0.65
01/02/1985,1.22,1.04,-0.1,1.29,1.06,0.58
01/03/1985,-0.84,-1.39,4.07,1.23,2.88,0.62
01/04/1985,-0.96,-0.1,3.72,1.55,0.71,0.72
01/05/1985,5.09,-2.31,-0.96,1.33,-1.49,0.66
01/06/1985,1.27,0.35,0.38,1.76,-0.77,0.55
01/07/1985,-0.74,2.87,-1.62,-0.42,-0.38,0.62
01/08/1985,-1.02,-0.29,2.32,-0.1,1.83,0.55
01/09/1985,-4.54,-1.8,1.29,1.14,1.64,0.6
01/10/1985,4.02,-1.5,0.75,0.89,-1.06,0.65
01/11/1985,6.48,0.02,-2.85,0.33,-2.32,0.61
01/12/1985,3.88,-0.41,-1.54,0.99,-1.8,0.65
01/01/1986,0.65,1.01,0.44,-2,-2.03,0.56
01/02/1986,7.13,-0.71,-0.72,1.06,-1.2,0.53
01/03/1986,4.88,-0.66,-0.39,1.21,0.92,0.6
01/04/1986,-1.31,2.84,-2.87,2.91,0.03,0.52
01/05/1986,4.62,-1.29,-0.21,2.13,1.08,0.49
01/06/1986,1.03,-0.89,1.28,1.8,0.87,0.52
01/07/1986,-6.45,-3.46,4.7,-0.54,0.84,0.52
01/08/1986,6.07,-4.35,3.51,-1.66,3.21,0.46
01/09/1986,-8.6,2.05,3.22,-0.08,3.71,0.45
01/10/1986,4.66,-2.33,-1.42,-0.05,1,0.46
01/11/1986,1.17,-1.88,-0.07,1.09,0.67,0.39
01/12/1986,-3.27,0.12,0.36,0.79,0.09,0.49
01/01/1987,12.47,-1.54,-3.16,0.17,-1,0.42
01/02/1987,4.39,3.4,-5.91,-0.76,-2.66,0.43
01/03/1987,1.64,0.28,1.61,1.36,4.14,0.47
01/04/1987,-2.11,-1.54,-0.39,-0.49,1.05,0.44
01/05/1987,0.11,-0.56,0.23,0.51,1.14,0.38
01/06/1987,3.94,-2.21,1.04,1.7,0.84,0.48
01/07/1987,3.85,-1.14,0.68,-0.61,1.61,0.46
01/08/1987,3.52,-0.94,-0.93,2.04,-1.61,0.47
01/09/1987,-2.59,0.38,0.27,-0.97,1.87,0.45
01/10/1987,-23.24,-8.07,4.24,2.04,2.34,0.6
01/11/1987,-7.77,2.85,2.95,-1.88,0.68,0.35
01/12/1987,6.81,0.06,-4.43,2.96,-2.42,0.39
01/01/1988,4.21,-0.51,5.01,-1.14,2.13,0.29
01/02/1988,4.75,3.32,-1.71,1.56,-0.01,0.46
01/03/1988,-2.27,6.25,0.73,-0.25,1.8,0.44
01/04/1988,0.56,1.16,1.67,-0.2,1.92,0.46
01/05/1988,-0.29,-2.56,2.42,-0.74,0.33,0.51
01/06/1988,4.79,2.16,-1.24,1.47,-3.37,0.49
01/07/1988,-1.25,-0.21,2.22,-0.58,1.52,0.51
01/08/1988,-3.31,-0.03,2.15,-0.82,1.76,0.59
01/09/1988,3.3,-1.36,-0.75,1.76,-0.61,0.62
01/10/1988,1.15,-2.95,2.05,1.3,1.03,0.61
01/11/1988,-2.29,-1.65,1.41,-0.28,1.62,0.57
01/12/1988,1.49,2.01,-1.69,0.69,-0.38,0.63
01/01/1989,6.1,-2.31,0.6,-0.95,0.14,0.55
01/02/1989,-2.25,2.71,1.01,-0.87,1.81,0.61
01/03/1989,1.57,0.68,0.58,0.05,0.72,0.67
01/04/1989,4.33,-0.78,-1.42,0.71,-0.57,0.67
01/05/1989,3.35,-0.01,-0.88,0.49,-0.08,0.79
01/06/1989,-1.35,-1.09,2.25,0.27,1.56,0.71
01/07/1989,7.2,-4.15,-2.79,1.98,-0.58,0.7
01/08/1989,1.44,0.48,0.6,0.39,-0.58,0.74
01/09/1989,-0.76,0.49,-1.27,1.4,0.5,0.65
01/10/1989,-3.67,-3.3,-1.11,0.11,-0.04,0.68
01/11/1989,1.03,-1.29,-1.09,-0.86,1.41,0.69
01/12/1989,1.16,-2.27,0.16,-0.07,1.42,0.61
01/01/1990,-7.85,-1.31,0.85,-1.17,1.35,0.57
01/02/1990,1.11,1.17,0.64,-0.03,-0.66,0.57
01/03/1990,1.83,1.62,-2.92,2.04,-1.02,0.64
01/04/1990,-3.36,-0.33,-2.59,1.78,-0.98,0.69
01/05/1990,8.42,-2.35,-3.83,1.57,-1.68,0.68
01/06/1990,-1.09,1.35,-1.93,-1.03,-0.39,0.63
01/07/1990,-1.9,-3.16,-0.03,-0.18,3.21,0.68
01/08/1990,-10.15,-3.87,1.64,-0.35,2.96,0.66
01/09/1990,-6.12,-3.74,0.64,0.06,3.67,0.6
01/10/1990,-1.92,-5.12,0.1,2.97,-0.3,0.68
01/11/1990,6.35,0.07,-3.1,0.65,-4.74,0.57
01/12/1990,2.46,0.67,-1.7,2.73,-1.89,0.6
01/01/1991,4.69,3.91,-1.6,1.28,-3.99,0.52
01/02/1991,7.19,3.94,-0.58,-0.2,-0.33,0.48
01/03/1991,2.65,3.83,-1.39,-0.53,-1.06,0.44
01/04/1991,-0.28,0.31,1.5,0.62,0.74,0.53
01/05/1991,3.65,0.14,-0.52,2,-2.43,0.47
01/06/1991,-4.94,0.24,1.15,1.79,0.65,0.42
01/07/1991,4.24,-0.96,-1.32,1.6,-1.36,0.49
01/08/1991,2.32,1.4,-0.78,0.84,-0.34,0.46
01/09/1991,-1.59,1.56,-1.08,-1.82,0.08,0.46
01/10/1991,1.29,0.91,-0.47,-1.7,-0.23,0.42
01/11/1991,-4.19,-0.83,-1.89,1.11,0.01,0.39
01/12/1991,10.84,-2.4,-4.17,3.55,-3.12,0.38
01/01/1992,-0.59,9.18,4.71,-1.32,3.2,0.34
01/02/1992,1.09,1.33,6.47,0.08,2.19,0.28
01/03/1992,-2.66,-0.93,3.56,-0.01,1.95,0.34
01/04/1992,1.07,-5.7,4.34,1.69,2.23,0.32
01/05/1992,0.3,0.21,1.19,-0.95,0.48,0.28
01/06/1992,-2.34,-2.73,3.24,-0.05,1.01,0.32
01/07/1992,3.77,-0.62,-0.56,1.3,-0.91,0.31
01/08/1992,-2.38,-0.42,-1.1,3.72,-1.65,0.26
01/09/1992,1.19,0.48,-0.26,1.64,-0.59,0.26
01/10/1992,1.02,2.07,-1.98,1.24,-0.79,0.23
01/11/1992,4.13,3.94,-1.35,-0.68,-1.59,0.23
01/12/1992,1.53,1.68,2.62,-0.48,0.84,0.28
01/01/1993,0.93,1.93,5.94,-1.84,2.91,0.23
01/02/1993,0.12,-3.45,6.42,-0.42,4.13,0.22
01/03/1993,2.3,0.09,1.18,-0.15,0.9,0.25
01/04/1993,-3.05,-0.85,2.49,-3.61,1.38,0.24
01/05/1993,2.89,1.9,-3.42,-0.12,-1.04,0.22
01/06/1993,0.31,0.13,2.75,-0.92,1.21,0.25
01/07/1993,-0.34,0.95,2.85,-1.87,2.06,0.24
01/08/1993,3.71,0.1,0.13,-1.54,-0.04,0.25
01/09/1993,-0.12,2.98,-0.31,0.24,-0.16,0.26
01/10/1993,1.41,1.89,-2.76,0.57,0.6,0.22
01/11/1993,-1.89,-1.27,-0.74,2.23,-0.94,0.25
01/12/1993,1.65,1.4,0.32,1.16,-0.34,0.23
01/01/1994,2.87,-0.06,1.15,-1.66,1.43,0.25
01/02/1994,-2.55,2.67,-1.54,2.14,-1,0.21
01/03/1994,-4.78,-1.04,1.6,0.69,1.28,0.27
01/04/1994,0.68,-1.01,1.66,1.07,1.11,0.27
01/05/1994,0.58,-2.56,0.67,0.6,0.68,0.31
01/06/1994,-3.03,-0.5,1.67,1.21,1.47,0.31
01/07/1994,2.82,-1.85,0.58,-0.65,0.14,0.28
01/08/1994,4.01,1.37,-2.51,0.95,-1.47,0.37
01/09/1994,-2.31,2.8,-1.89,0.52,0.93,0.37
01/10/1994,1.34,-2.3,-1.62,0.23,-0.68,0.38
01/11/1994,-4.04,0.07,-0.7,0.42,-0.5,0.37
01/12/1994,0.86,0,-0.13,0.37,0.38,0.44
01/01/1995,1.8,-3.06,2.57,0.17,-0.75,0.42
01/02/1995,3.63,-0.54,1.08,0.59,-0.33,0.4
01/03/1995,2.19,-0.51,-2.15,-0.17,0.22,0.46
01/04/1995,2.11,-0.22,1.71,0.41,0.9,0.44
01/05/1995,2.9,-2.19,2.29,0.39,0.04,0.54
01/06/1995,2.72,3.06,-2.54,-0.33,-2.44,0.47
01/07/1995,3.72,2.09,-1.62,0.3,-1.65,0.45
01/08/1995,0.55,1.75,2.79,-1.24,1.62,0.47
01/09/1995,3.35,-1.88,-0.04,1.03,0.36,0.43
01/10/1995,-1.52,-4.04,-0.5,1.91,-0.05,0.47
01/11/1995,3.96,-1.07,0.51,-0.62,1.12,0.42
01/12/1995,1.03,0.72,0.22,-1.37,3.1,0.49
01/01/1996,2.26,-2.56,0.38,0.18,2.31,0.43
01/02/1996,1.33,1.77,-1.08,0.24,-1.9,0.39
01/03/1996,0.73,1.61,0.35,1.42,-0.95,0.39
01/04/1996,2.06,4.71,-4.02,-0.14,-2.11,0.46
01/05/1996,2.36,3.21,-0.83,0.12,-0.3,0.42
01/06/1996,-1.14,-3.65,2.35,3.51,1.22,0.4
01/07/1996,-5.97,-3.81,5.14,2.95,2.6,0.45
01/08/1996,2.77,2.57,-0.74,-0.37,-2.42,0.41
01/09/1996,5.01,-1.39,-2.72,1.27,-2.22,0.44
01/10/1996,0.86,-3.77,4.94,1.4,3.25,0.42
01/11/1996,6.25,-3.8,1.39,2.12,-0.79,0.41
01/12/1996,-1.7,3.25,1.31,0.37,1.49,0.46
01/01/1997,4.99,-1.82,-1.42,1.19,-0.02,0.45
01/02/1997,-0.49,-2.59,5.67,0.67,3.47,0.39
01/03/1997,-5.03,-0.43,3.39,0.5,1.66,0.43
01/04/1997,4.04,-5.7,0.07,3.26,-0.72,0.43
01/05/1997,6.74,4.75,-4.13,-1.02,-2.96,0.49
01/06/1997,4.1,1.19,1.58,0.56,0.66,0.37
01/07/1997,7.33,-2.76,0.26,0.07,-2.58,0.43
01/08/1997,-4.15,7.61,1.18,-1.11,-0.04,0.41
01/09/1997,5.35,2.49,0.37,-1.63,-0.91,0.44
01/10/1997,-3.8,-0.52,2.27,1,1.94,0.42
01/11/1997,2.98,-5.11,1.2,2.81,1.84,0.39
01/12/1997,1.32,-2.03,3.84,0.74,1.92,0.48
01/01/1998,0.15,-1.36,-1.63,0.87,-0.73,0.43
01/02/1998,7.04,0.2,-0.85,-0.31,-2.54,0.39
01/03/1998,4.76,-0.65,1.39,-0.26,-0.37,0.39
01/04/1998,0.73,0,0.94,-1.69,-0.36,0.43
01/05/1998,-3.07,-2.95,3.44,1.1,2.61,0.4
01/06/1998,3.18,-3.66,-1.96,-0.26,-2.97,0.41
01/07/1998,-2.46,-5.27,-1.78,1.74,0.45,0.4
01/08/1998,-16.08,-5.17,3.53,3.37,5.91,0.43
01/09/1998,6.15,-0.78,-3.42,-1.88,-2.99,0.46
01/10/1998,7.13,-3.43,-2.23,0.93,0.31,0.32
01/11/1998,6.1,0.75,-3.25,-0.86,-1.18,0.31
01/12/1998,6.16,-1.56,-4.19,-0.76,-3.39,0.38
01/01/1999,3.5,-0.75,-4.6,-2.77,-6.8,0.35
01/02/1999,-4.08,-5.22,1.92,-1.23,4.1,0.35
01/03/1999,3.45,-4.23,-2.74,-4.07,-1.42,0.43
01/04/1999,4.33,4.52,2.46,-2.53,0.89,0.37
01/05/1999,-2.46,3.71,2.35,0.93,3.34,0.34
01/06/1999,4.77,2.29,-3.19,1.13,-3.21,0.4
01/07/1999,-3.49,2.57,-0.44,0.36,3.22,0.38
01/08/1999,-1.38,-1.73,-1.87,-0.24,0.64,0.39
01/09/1999,-2.79,2.59,-3.49,-0.75,-1.23,0.39
01/10/1999,6.12,-6.91,-3.37,-1.74,-1.19,0.39
01/11/1999,3.37,5.8,-6.12,-4.28,-1.74,0.36
01/12/1999,7.72,5.39,-8.33,-7.6,-5.63,0.44
01/01/2000,-4.74,4.42,-1.88,-6.29,4.72,0.41
01/02/2000,2.45,18.28,-9.59,-18.65,-0.48,0.43
01/03/2000,5.2,-15.32,8.13,11.79,-1.59,0.47
01/04/2000,-6.4,-5.01,7.26,7.66,5.65,0.46
01/05/2000,-4.42,-3.81,4.75,4.13,1.37,0.5
01/06/2000,4.64,9.92,-8.42,-8.31,-2.95,0.4
01/07/2000,-2.51,-1.03,8.31,5.83,2.94,0.48
01/08/2000,7.03,-1.03,-1.39,-3.22,1.1,0.5
01/09/2000,-5.45,0.19,7.17,2.56,5.53,0.51
01/10/2000,-2.76,-2.65,5.71,9.61,3.8,0.56
01/11/2000,-10.72,-0.58,12.3,13.07,8.43,0.51
01/12/2000,1.19,3.26,7.61,1.71,4.79,0.5
01/01/2001,3.13,5.48,-5.07,-4.69,-5.03,0.54
01/02/2001,-10.05,2.83,12.47,9.1,9.07,0.38
01/03/2001,-7.26,2.33,6.42,3.35,3.92,0.42
01/04/2001,7.94,-0.86,-4.67,-3.06,-3.2,0.39
01/05/2001,0.72,3.6,3.36,0.25,1.91,0.32
01/06/2001,-1.94,6.57,-1.12,1.6,-1.51,0.28
01/07/2001,-2.13,-2.82,5.21,7.42,3.06,0.3
01/08/2001,-6.46,2.72,2.31,4.05,6.56,0.31
01/09/2001,-9.25,-5.73,1.45,4.99,3.22,0.28
01/10/2001,2.46,5.27,-7.65,-2.98,-4.56,0.22
01/11/2001,7.54,-0.3,2.21,-3.73,-1.64,0.17
01/12/2001,1.6,5.16,0.84,0.34,-0.26,0.15
01/01/2002,-1.44,1.26,3.44,4.69,2.86,0.14
01/02/2002,-2.29,-0.36,2.16,8.07,5.11,0.13
01/03/2002,4.24,4.25,1.06,-1.78,0.59,0.13
01/04/2002,-5.2,6.72,3.88,4.56,5.37,0.15
01/05/2002,-1.38,-3.01,1.53,2.36,2.44,0.14
01/06/2002,-7.21,3.89,-0.05,3.93,2.52,0.13
01/07/2002,-8.18,-6.43,-3.85,3.79,-0.99,0.15
01/08/2002,0.5,-1.31,3.28,1.36,-1.46,0.14
01/09/2002,-10.35,3.08,1.45,3.28,-2.2,0.14
01/10/2002,7.84,-4.31,-3.94,-3.39,0.77,0.14
01/11/2002,5.96,2.93,-1.26,-9.22,5.12,0.12
01/12/2002,-5.76,0.61,2.14,6.3,-1.68,0.11
01/01/2003,-2.57,0.69,-0.81,-0.97,0.7,0.1
01/02/2003,-1.88,-0.94,-1.37,0.84,-0.61,0.09
01/03/2003,1.09,0.66,-1.94,1.86,-0.78,0.1
01/04/2003,8.22,1.01,1.15,-4.67,1.07,0.1
01/05/2003,6.05,4.82,0.39,-7.01,2.9,0.09
01/06/2003,1.42,1.66,0.11,0.5,-0.39,0.1
01/07/2003,2.35,4.54,-1.24,-4.14,1.78,0.07
01/08/2003,2.34,2.48,1.53,-2.25,2.14,0.07
01/09/2003,-1.24,0.54,0.17,1.01,0.35,0.08
01/10/2003,6.08,2.71,1.97,-1.35,1.55,0.07
01/11/2003,1.35,2.33,1.78,0.19,1.81,0.07
01/12/2003,4.29,-2.49,1.6,0.56,0.94,0.08
01/01/2004,2.15,2.45,2.49,-3.66,3.38,0.07
01/02/2004,1.4,-0.92,0.88,2.16,-1.23,0.06
01/03/2004,-1.32,2.1,0.27,1.56,-0.98,0.09
01/04/2004,-1.83,-2.02,-3.07,3.47,-2.81,0.08
01/05/2004,1.17,-0.38,-0.25,-1.18,0.03,0.06
01/06/2004,1.86,2.56,1.18,1.2,-0.39,0.08
01/07/2004,-4.06,-2.96,3.24,5.32,-1.66,0.1
01/08/2004,0.08,-1.14,0.97,1.23,-1.47,0.11
01/09/2004,1.6,3.27,0,-1.49,-1.88,0.11
01/10/2004,1.43,0.19,-0.22,-0.52,0.49,0.11
01/11/2004,4.54,4.11,1.41,-0.58,-0.22,0.15
01/12/2004,3.43,-0.05,-0.22,-1.16,0.46,0.16
01/01/2005,-2.76,-1.17,2.06,2.74,-1.46,0.16
01/02/2005,1.89,-0.31,1.54,1.43,-0.05,0.16
01/03/2005,-1.97,-1.42,2.04,0.46,1.29,0.21
01/04/2005,-2.61,-3.98,0.07,0.97,-0.94,0.21
01/05/2005,3.65,2.78,-0.64,-1,0.3,0.24
01/06/2005,0.57,3.28,2.83,0.96,-0.51,0.23
01/07/2005,3.92,2.81,-0.79,-1.18,-0.82,0.24
01/08/2005,-1.22,-0.89,1.32,-2.05,0.37,0.3
01/09/2005,0.49,-0.34,0.71,0.27,-0.6,0.29
01/10/2005,-2.02,-1.45,0.42,-0.93,-1.29,0.27
01/11/2005,3.61,0.84,-1.16,-0.76,-1.13,0.31
01/12/2005,-0.25,-0.2,0.2,0.22,0.23,0.32
01/01/2006,3.04,5.75,1.08,-0.65,-0.45,0.35
01/02/2006,-0.3,-0.42,-0.34,-0.51,1.91,0.34
01/03/2006,1.46,3.39,0.6,0.06,-0.4,0.37
01/04/2006,0.73,-0.84,2.34,1.8,0.01,0.36
01/05/2006,-3.57,-2.85,2.41,1.15,1.46,0.43
01/06/2006,-0.35,-0.24,0.85,1.32,-0.07,0.4
01/07/2006,-0.78,-3.63,2.6,1.63,0.9,0.4
01/08/2006,2.03,0.44,-2.06,-1.86,2.09,0.42
01/09/2006,1.84,-1.46,0.08,0.82,0.6,0.41
01/10/2006,3.23,1.98,-0.31,-0.12,0.28,0.41
01/11/2006,1.71,0.71,0.14,0.15,-0.8,0.42
01/12/2006,0.87,-0.82,2.73,-0.72,2.06,0.4
01/01/2007,1.4,0.07,-0.68,0.26,0.38,0.44
01/02/2007,-1.96,1.29,-0.14,-0.51,-0.71,0.38
01/03/2007,0.68,0.2,-0.97,0.64,-0.65,0.43
01/04/2007,3.49,-2.04,-1.45,1.15,1.03,0.44
01/05/2007,3.24,0.4,-0.65,1.58,-1.37,0.41
01/06/2007,-1.96,0.74,-1.05,0.53,0.08,0.4
01/07/2007,-3.73,-2.99,-3.71,0.2,-1.13,0.4
01/08/2007,0.92,-0.38,-1.86,-1.21,-0.54,0.42
01/09/2007,3.22,-2.44,-2.21,-0.52,-3.02,0.32
01/10/2007,1.8,-0.08,-2.98,-0.29,-0.09,0.32
01/11/2007,-4.83,-3.02,-0.94,1.89,-0.29,0.34
01/12/2007,-0.87,0.15,-0.55,0.87,-1.05,0.27
01/01/2008,-6.36,-0.65,3.97,2.15,2.14,0.21
01/02/2008,-3.09,-0.66,-0.84,0.87,-0.92,0.13
01/03/2008,-0.93,0.56,0.3,0.79,0.5,0.17
01/04/2008,4.6,-1.2,-0.94,1.63,-2.47,0.18
01/05/2008,1.86,3.02,-1.43,0.93,-0.06,0.18
01/06/2008,-8.44,1.18,-2.71,4.96,-0.55,0.17
01/07/2008,-0.77,3.72,5.42,-1.36,1.06,0.15
01/08/2008,1.53,3.46,1.59,1.86,0.84,0.13
01/09/2008,-9.24,0.25,5.91,2.42,1.78,0.15
01/10/2008,-17.23,-3.34,-2.3,3.04,2.05,0.08
01/11/2008,-7.86,-3.9,-6.31,4.53,2.75,0.03
01/12/2008,1.74,3.29,0.14,0.07,-1.5,0
01/01/2009,-8.12,-2.14,-11.29,0.18,-1.16,0
01/02/2009,-10.1,-1.33,-6.95,1.2,-1.02,0.01
01/03/2009,8.95,0.67,3.47,-2.52,-2.25,0.02
01/04/2009,10.18,7.13,5.36,1.31,0.12,0.01
01/05/2009,5.21,-2.32,0.28,-0.78,-2.16,0
01/06/2009,0.43,2.29,-2.73,-1.41,-0.33,0.01
01/07/2009,7.72,2.39,4.83,-0.46,3.13,0.01
01/08/2009,3.33,-0.09,7.63,-3.03,3.34,0.01
01/09/2009,4.08,2.73,1.04,1.31,0.36,0.01
01/10/2009,-2.59,-4.94,-4.21,4.17,-1.5,0
01/11/2009,5.56,-2.68,-0.34,1,0.13,0
01/12/2009,2.75,6.24,-0.16,1.02,-0.09,0.01
01/01/2010,-3.36,0.34,0.43,-1.27,0.46,0
01/02/2010,3.4,1.51,3.22,-0.27,1.42,0
01/03/2010,6.31,1.85,2.21,-0.65,1.69,0.01
01/04/2010,2,4.98,2.89,0.69,1.72,0.01
01/05/2010,-7.89,0.05,-2.44,1.3,-0.22,0.01
01/06/2010,-5.57,-2.47,-4.7,-0.16,-1.55,0.01
01/07/2010,6.93,0.12,-0.31,0.24,2,0.01
01/08/2010,-4.77,-3.15,-1.9,0.53,-1.59,0.01
01/09/2010,9.54,3.75,-3.16,-0.21,0.38,0.01
01/10/2010,3.88,0.8,-2.42,1.19,-0.27,0.01
01/11/2010,0.6,3.67,-0.96,0.46,1.59,0.01
01/12/2010,6.82,1.04,3.69,-3.44,3.17,0.01
01/01/2011,1.99,-2.43,0.82,-0.76,0.83,0.01
01/02/2011,3.49,1.65,1.27,-1.94,0.88,0.01
01/03/2011,0.46,2.62,-1.83,1.76,-0.03,0.01
01/04/2011,2.9,-0.55,-2.43,1.01,-0.8,0
01/05/2011,-1.27,-0.62,-2.12,2.08,-1.58,0
01/06/2011,-1.75,0.16,-0.42,2.49,-1.53,0
01/07/2011,-2.35,-1.2,-0.89,2.68,-1.81,0
01/08/2011,-5.99,-3.2,-2.36,3.3,-0.38,0.01
01/09/2011,-7.59,-3.66,-1.73,2.04,0.25,0
01/10/2011,11.35,3.46,0.11,-2.16,-0.86,0
01/11/2011,-0.28,-0.28,-0.45,1.86,1.49,0
01/12/2011,0.74,-0.33,1.63,0.98,2.52,0
01/01/2012,5.05,2.06,-0.97,-2.01,-1.44,0
01/02/2012,4.42,-1.71,0.43,-0.48,-0.01,0
01/03/2012,3.11,-0.47,1.14,-0.54,0.74,0
01/04/2012,-0.85,-0.55,-0.78,1.3,0.65,0
01/05/2012,-6.19,-0.12,-1.07,2.08,2.31,0.01
01/06/2012,3.89,0.84,0.62,-1.1,0.46,0
01/07/2012,0.79,-2.78,-0.02,1.1,0.05,0
01/08/2012,2.55,0.44,1.3,-1.33,-0.84,0.01
01/09/2012,2.73,0.61,1.6,-1.49,1.54,0.01
01/10/2012,-1.76,-0.89,3.59,-1.34,2.5,0.01
01/11/2012,0.78,0.46,-0.84,0.61,0.85,0.01
01/12/2012,1.18,1.89,3.51,-1.85,0.91,0.01
01/01/2013,5.57,0.48,0.96,-1.93,1.41,0
01/02/2013,1.29,-0.25,0.11,-0.67,0.52,0
01/03/2013,4.03,0.85,-0.19,0.13,1.38,0
01/04/2013,1.55,-2.25,0.45,0.27,0.38,0
01/05/2013,2.8,2.06,2.63,-1.97,-0.87,0
01/06/2013,-1.2,1.56,0.03,-0.37,0,0
01/07/2013,5.65,1.81,0.57,-1.35,0.5,0
01/08/2013,-2.71,-0.06,-2.69,0.66,-2.16,0
01/09/2013,3.77,2.63,-1.22,-0.57,-1.35,0
01/10/2013,4.18,-1.48,1.25,2.77,0.87,0
01/11/2013,3.13,1.41,0.32,0.14,0.04,0
01/12/2013,2.81,-0.45,-0.02,-0.45,0.1,0
01/01/2014,-3.32,0.58,-2.07,-3.87,-1.43,0
01/02/2014,4.65,0.13,-0.31,-0.21,-0.44,0
01/03/2014,0.43,-1.08,4.93,2.13,1.92,0
01/04/2014,-0.19,-4.11,1.17,3.47,1,0
01/05/2014,2.06,-1.89,-0.13,0.06,-1,0
01/06/2014,2.61,3.1,-0.7,-1.88,-2,0
01/07/2014,-2.04,-4.3,0.04,0.9,0.53,0
01/08/2014,4.24,0.31,-0.45,-0.64,-0.69,0
01/09/2014,-1.97,-3.71,-1.35,1.29,-0.52,0
01/10/2014,2.52,3.73,-1.8,-0.56,-0.1,0
01/11/2014,2.55,-2.28,-3.1,1.5,0.26,0
01/12/2014,-0.06,2.86,2.27,-1.22,0.96,0
01/01/2015,-3.11,-0.92,-3.59,1.61,-1.65,0
01/02/2015,6.13,0.32,-1.86,-1.12,-1.82,0
01/03/2015,-1.12,3.07,-0.38,0.09,-0.52,0
01/04/2015,0.59,-3.09,1.82,0.06,-0.61,0
01/05/2015,1.36,0.84,-1.15,-1.8,-0.75,0
01/06/2015,-1.53,2.9,-0.79,0.44,-1.58,0
01/07/2015,1.54,-4.55,-4.13,0.3,-2.42,0
01/08/2015,-6.04,0.25,2.77,0.68,1.19,0
01/09/2015,-3.07,-2.79,0.56,1.77,-0.58,0
01/10/2015,7.75,-2.08,-0.46,0.9,0.53,0
01/11/2015,0.57,3.3,-0.42,-2.74,-1,0
01/12/2015,-2.17,-3,-2.61,0.5,-0.01,0.01
01/01/2016,-5.77,-3.47,2.09,2.81,3.07,0.01
01/02/2016,-0.07,0.88,-0.57,3.25,2.02,0.02
01/03/2016,6.96,1.07,1.19,0.77,-0.08,0.02
01/04/2016,0.91,1.23,3.28,-2.97,1.9,0.01
01/05/2016,1.78,-0.61,-1.66,-1.09,-2.49,0.01
01/06/2016,-0.05,0.45,-1.48,1.41,1.94,0.02
01/07/2016,3.95,2.48,-1.32,1.25,-1.18,0.02
01/08/2016,0.49,1.69,3.18,-1.85,-0.34,0.02
01/09/2016,0.25,1.86,-1.24,-2.21,0.02,0.02
01/10/2016,-2.02,-4.03,4.09,0.93,0.27,0.02
01/11/2016,4.86,7.07,8.21,-0.18,3.69,0.01
01/12/2016,1.82,0.41,3.53,1.22,-0.24,0.03
01/01/2017,1.94,-1.45,-2.75,-0.5,-0.99,0.04
01/02/2017,3.57,-2.22,-1.67,0.47,-1.83,0.04
01/03/2017,0.17,0.74,-3.35,0.61,-0.95,0.03
01/04/2017,1.09,0.48,-2.13,1.9,-1.6,0.05
01/05/2017,1.06,-3.06,-3.78,0.95,-1.79,0.06
01/06/2017,0.78,2.58,1.48,-2.22,0,0.06
01/07/2017,1.87,-1.69,-0.31,-0.67,-0.2,0.07
01/08/2017,0.16,-1.83,-2.1,0.15,-2.38,0.09
01/09/2017,2.51,4.77,3.12,-1.5,1.71,0.09
01/10/2017,2.25,-1.94,0.19,0.91,-3.26,0.09
01/11/2017,3.12,-0.32,-0.03,3.19,-0.06,0.08
01/12/2017,1.06,-1.06,0.06,0.75,1.7,0.09
01/01/2018,5.57,-3.17,-1.28,-0.75,-0.91,0.12
01/02/2018,-3.65,0.32,-1.04,0.48,-2.28,0.11
01/03/2018,-2.35,3.6,-0.2,-0.42,-0.02,0.11
01/04/2018,0.29,0.93,0.54,-2.44,1.28,0.14
01/05/2018,2.65,4.75,-3.22,-2.05,-1.53,0.14
01/06/2018,0.48,0.8,-2.33,0.8,0.2,0.14
01/07/2018,3.19,-1.93,0.45,1.55,0.35,0.16
01/08/2018,3.44,0.65,-4,-0.31,-2.7,0.16
01/09/2018,0.06,-2.49,-1.71,0.63,1.29,0.15
01/10/2018,-7.68,-4.45,3.4,0.95,3.58,0.19
01/11/2018,1.69,-0.77,0.28,-0.55,0.39,0.18
01/12/2018,-9.57,-2.88,-1.88,-0.03,0.21,0.2
01/01/2019,8.4,3.01,-0.45,-0.78,-1.52,0.21
01/02/2019,3.4,1.75,-2.71,0.12,-1.6,0.18
01/03/2019,1.1,-3.51,-4.12,0.91,-0.94,0.19
01/04/2019,3.97,-1.15,2.16,1.59,-2.22,0.21
01/05/2019,-6.94,-1.59,-2.37,-0.46,1.77,0.21
01/06/2019,6.93,0.37,-0.7,0.9,-0.44,0.18
01/07/2019,1.19,-1.78,0.47,-0.07,0.34,0.19
01/08/2019,-2.58,-3.24,-4.79,0.56,-0.68,0.16
01/09/2019,1.43,0.26,6.77,1.84,3.39,0.18
01/10/2019,2.06,0.27,-1.9,0.43,-0.95,0.16
01/11/2019,3.88,0.45,-1.99,-1.63,-1.25,0.12
01/12/2019,2.77,0.97,1.78,-0.02,1.23,0.14
01/01/2020,-0.11,-4.4,-6.25,-1.2,-2.3,0.13
01/02/2020,-8.13,0.04,-3.8,-1.49,-2.52,0.12
01/03/2020,-13.39,-8.24,-13.88,-1.56,1.26,0.13
01/04/2020,13.65,2.56,-1.34,2.73,-1.03,0
01/05/2020,5.58,1.99,-4.85,0.93,-3.24,0.01
01/06/2020,2.46,1.97,-2.23,0.13,0.53,0.01
01/07/2020,5.77,-3.18,-1.44,0.4,1.03,0.01
01/08/2020,7.63,-0.95,-2.88,4.33,-1.26,0.01
01/09/2020,-3.63,-0.05,-2.65,-1.28,-1.96,0.01
01/10/2020,-2.1,4.54,4.31,-0.76,-0.88,0.01
01/11/2020,12.47,7.05,2.15,-2.22,1.28,0.01
01/12/2020,4.63,4.7,-1.34,-1.88,-0.26,0.01
01/01/2021,-0.03,7.08,2.85,-3.92,5.18,0.01
01/02/2021,2.78,4.56,7.1,0.39,-1.95,0
01/03/2021,3.08,-0.78,7.27,6.34,3.57,0
01/04/2021,4.93,-3.16,-0.95,2.47,-2.71,0
01/05/2021,0.29,1.2,7.13,2.4,3.02,0
01/06/2021,2.75,-0.41,-7.75,-2.04,-1.02,0
01/07/2021,1.27,-4.59,-1.81,5.48,-0.52,0
01/08/2021,2.91,-0.71,-0.1,-0.22,-1.82,0
01/09/2021,-4.37,1.09,5.1,-1.95,2.09,0
01/10/2021,6.65,-2.72,-0.45,1.72,-1.44,0
01/11/2021,-1.55,-1.77,-0.41,7.27,1.74,0
01/12/2021,3.1,-0.79,3.22,4.83,4.32,0.01
01/01/2022,-6.25,-4.09,12.8,0.84,7.74,0
01/02/2022,-2.29,2.92,3.1,-2.1,3.16,0
01/03/2022,3.06,-2.2,-1.76,-1.5,3.18,0.01
01/04/2022,-9.46,-0.4,6.17,3.47,5.87,0.01
01/05/2022,-0.34,-0.16,8.59,1.7,3.99,0.03
01/06/2022,-8.44,1.36,-6.1,1.74,-4.72,0.06
01/07/2022,9.57,1.83,-4.03,0.85,-6.82,0.08
01/08/2022,-3.77,1.52,0.29,-4.79,1.33,0.19
01/09/2022,-9.35,-1.04,0.02,-1.46,-0.79,0.19
01/10/2022,7.83,1.88,8.06,3.31,6.62,0.23
01/11/2022,4.61,-2.75,1.41,6.32,3.2,0.29
01/12/2022,-6.41,-0.14,1.34,0.27,4.21,0.33
01/01/2023,6.64,4.42,-4,-2.42,-4.44,0.35
01/02/2023,-2.59,0.66,-0.83,1.03,-1.32,0.34
01/03/2023,2.51,-6.93,-8.87,2.33,-2.39,0.36
01/04/2023,0.61,-2.57,-0.05,2.42,2.85,0.35
01/05/2023,0.35,-0.38,-7.74,-1.82,-7.2,0.36
01/06/2023,6.47,1.36,-0.2,2.27,-1.62,0.4
01/07/2023,3.21,2.84,4.11,-0.57,0.62,0.45
01/08/2023,-2.39,-3.68,-1.08,3.42,-2.37,0.45
01/09/2023,-5.24,-1.79,1.45,1.85,-0.84,0.43
01/10/2023,-3.18,-4.05,0.19,2.47,-0.67,0.47
01/11/2023,8.83,-0.11,1.66,-3.81,-0.99,0.44
01/12/2023,4.87,7.33,4.92,-3.04,1.3,0.43
01/01/2024,0.7,-5.68,-2.47,0.66,-1.02,0.47
01/02/2024,5.07,-0.76,-3.52,-1.98,-2.16,0.42
01/03/2024,2.83,-1.18,4.22,1.47,1.19,0.43
01/04/2024,-4.67,-2.55,-0.52,1.48,-0.3,0.47
01/05/2024,4.34,0.77,-1.67,2.97,-3.07,0.44
01/06/2024,2.77,-4.37,-3.31,0.51,-1.78,0.41
01/07/2024,1.24,8.28,5.74,0.22,0.43,0.45
01/08/2024,1.61,-3.65,-1.13,0.85,0.86,0.48
01/09/2024,1.74,-1.02,-2.59,0.04,-0.26,0.4
01/10/2024,-0.97,-0.88,0.89,-1.38,1.03,0.39
01/11/2024,6.51,4.78,-0.05,-2.62,-2.17,0.4
01/12/2024,-3.17,-3.87,-2.95,1.82,-1.1,0.37
